"","id","quiz1","quiz2"
"1",1,7.6,7.2
"2",2,8.1,7.5
"3",3,8.1,7.3
"4",4,8.3,7.3
"5",5,7.6,7.4
"6",6,9,8.9
"7",7,8.1,7.7
"8",8,8.8,8.6
"9",9,8,7.4
"10",10,7.9,7.9
"11",11,7.4,6.4
"12",12,8.3,8.2
"13",13,8.6,8
"14",14,7.6,6.9
"15",15,8.3,7.9
"16",16,8.2,7.5
"17",17,8.7,8.5
"18",18,8.8,8.1
"19",19,7.8,7.3
"20",20,8.8,8.3
"21",21,8.8,8
"22",22,8.5,7.9
"23",23,7.7,7.2
"24",24,8.4,7.8
"25",25,9.1,8.8
"26",26,8.3,8
"27",27,8,7.5
"28",28,7.6,6.8
"29",29,9.1,8.2
"30",30,8.3,8
"31",31,8.2,8.2
"32",32,7.9,7.8
"33",33,9.2,8.7
"34",34,7.3,7
"35",35,8,8.5
"36",36,8.3,7.7
"37",37,7.9,7.5
"38",38,8,7.6
"39",39,7.8,7.5
"40",40,8.8,8.5
"41",41,8.1,7.9
"42",42,8.6,7.9
"43",43,7,6.2
"44",44,8.6,7.5
"45",45,9.4,8.5
"46",46,8,7.4
"47",47,9.5,8.7
"48",48,8.9,8.1
"49",49,8.5,7.9
"50",50,8.1,7.7
"51",51,6.7,5.9
"52",52,9.2,8.9
"53",53,8.8,8.8
"54",54,8.9,8.5
"55",55,8.5,7.6
"56",56,8.4,7.2
"57",57,8.3,7.5
"58",58,8.5,8.3
"59",59,8.6,7.6
"60",60,9.3,8.6
"61",61,8.9,8.3
"62",62,8.5,8.2
"63",63,8.5,8
"64",64,8.1,7
"65",65,8.7,8.3
"66",66,8.3,7.6
"67",67,8,7.7
"68",68,8.8,8.1
"69",69,7.9,7.2
"70",70,9.6,9.2
"71",71,8.2,7.3
"72",72,8.1,8.2
"73",73,8.1,7.8
"74",74,7.9,7.5
"75",75,8.1,7.7
"76",76,9.1,8.3
"77",77,9.3,8.8
"78",78,9,8.7
"79",79,7.7,7.3
"80",80,7.9,7.5
"81",81,8.9,8.4
"82",82,8.7,8.1
"83",83,7.5,6.7
"84",84,7.9,7.5
"85",85,7.4,6.9
"86",86,8,7.4
"87",87,8.1,7.4
"88",88,8.4,8.1
"89",89,8.5,7.6
"90",90,8.7,7.5
"91",91,7.4,7
"92",92,8.6,7.4
"93",93,9.2,8.6
"94",94,8.6,7.6
"95",95,7.6,7.2
"96",96,8.2,7.8
"97",97,7.9,7.9
"98",98,8.9,8.5
"99",99,8.5,8.5
"100",100,8.4,7.2
"101",101,8.2,7.6
"102",102,8.1,7.8
"103",103,8.5,7.8
"104",104,7.5,7.6
"105",105,9,8.5
"106",106,9,8.5
"107",107,8.6,7.9
"108",108,8.6,8.2
"109",109,8.4,7.6
"110",110,8.8,8.4
"111",111,8.6,8.3
"112",112,8.1,7.8
"113",113,8.1,7.6
"114",114,8.1,7.7
"115",115,8.3,7.3
"116",116,8.2,7.7
"117",117,9.5,8.6
"118",118,8.8,7.8
"119",119,8.2,7.5
"120",120,8.8,8
